{
  "total_tokens": 9942,
  "total_cost_usd": 0.019884,
  "profiles": {
    "Luna - The Momentum Trader": {
      "tokens": 1436,
      "cost_usd": 0.002872
    },
    "Mark - The Conservative Investor": {
      "tokens": 1695,
      "cost_usd": 0.0033900000000000002
    },
    "Riley - The Catalyst Trader": {
      "tokens": 1588,
      "cost_usd": 0.0031760000000000004
    },
    "Zara - The Defensive Strategist": {
      "tokens": 1662,
      "cost_usd": 0.0033239999999999997
    },
    "Leo - The High-Risk Options Specialist": {
      "tokens": 1628,
      "cost_usd": 0.0032559999999999998
    },
    "The Political Figure Trader": {
      "tokens": 1747,
      "cost_usd": 0.003494
    },
    "Market Pulse": {
      "tokens": 186,
      "cost_usd": 0.000372
    }
  }
}